ID,Family,Sequence,Ranges,Criteria,Common 1,Count 1,Percent 1,Common 2,Count 2,Percent 2,Common 3,Count 3,Percent 3,Common 4,Count 4,Percent 4
protein1,Nucleus,gsqrgrgggsgnfmgrggnfgggggnfgrggnfggrggyggggggsrgsygggdggyngfggdggnygggpgyssrggyggggpgygnqgggygggggydgyneggnfgggnyggggnyndfgnysgqqqsnygpmkggsfggrssgspygggygsgggsggyg,211-374,2,G,86,0.52,Y,17,0.1,N,14,0.09,S,14,0.09
protein2,Nucleus,pspspllsssfdldydfqrdyydrmysyparvpppppIARAVVPskrqrvsgntsrrgksgfnsksgqrgssksgklkgddlqaikkeltqikqkvdsllenlekiekeqskqavemkndkseeeqssssvkkdetnvkmeseggaddsaeegdllddddnedrgddqlelikddekeaeegeddrdsangedds,"156-306,112-148,149-155",2+3,D,27,0.14,S,26,0.13,E,22,0.11,K,20,0.1
protein3,Nuclear_Speck,MSSSPVNVkklkvselkeelkkrrlsdkglkaelmerlqaalddeeaggrpamepgngsldlggdsagrsgagleqeaaaggdeeeeeeeeeeegisaldgdqmelgeengaagaadsgpmeeeeaasedengddqgfqegedelgdeeegagdenghgeqqpqppatqqqqpqqqrgaakeaagkssgptslfavtvappgarqgqqqaggkkkaeggggggrpgapaagdgkteqkggdkkrgvkrpredhgrg,"1-8,9-256",1,G,47,0.18,E,42,0.16,A,31,0.12,Q,20,0.08
protein4,Nuclear_Speck,kqntgskksnknksgknqfnrggghrgrggfnmrggnfrggapgnrggynrrgnmpqrggggggsggigypyprapvfpgrgsysnrgnynrggmpnrgnynqnfrgrgnnrgyknqsqgynqwqqgqfwgqkpwsq,682-818,2,G,37,0.27,N,21,0.15,R,17,0.12,Q,12,0.09
protein5,Nuclear_Speck,MLKpqplqqpsqpqqppptqqavarrppggtsppngglpgplatsaappgppaaaspclgpvaaagsglrrgaegilapqppppqqhqerpgaaaigsargqstgkgppqsp,"4-112,1-3",1,P,28,0.25,A,17,0.15,G,16,0.14,Q,14,0.12
protein6,Nuclear_Speck,savqrqgsgrespslasregkyiplpqrvregprggvrcsssrggrpglsslpprgphhldnsspgpgsearginggpsrmspkaqrplrgaktlsspsnrpsgetsvppppavgrmypprspksaapapisascpeppigsavptssasipvtssvsdpgvgsispaspkislaptdvkelstkepgrtlepqelariagkvpglqneqkrfqleelrkfgaqfklqpssspensldpfpprilkeepkgkekevdglltsepmgspvssktesvsdkedkpplapsggtegpeqppppcpsqtgsppvglikgedkdegpvaeqvkkstlnpnakefnptkpllsvnkststptspgprthstpsipvltagqsglyspqyisyipqihmgpavqapqmypypvsnsvpgqqgkyrgakgslppqrsdqhqpasappmmqaaaaagpplvaatpyssyipynpqqfpgqpammqpmahypsqpvfapmlqsnprmltsgshpqaivssstpqypsaeqptpqalyatvhqsyphhatqlhahqpqpattptgsqpqsqhaapspvqhqagqaphlgsgqpqqnlyhpgaltgtppslppgpsaqspqssfpqpaavyaihhqqlphgftnmahvtqahvqtgitaappphpgaphppqvmllhppqshggppqgavpqsgvpalsastpspypyighpqgeqpgqapgfpgg,328-1041,2,P,132,0.18,S,89,0.12,G,66,0.09,A,61,0.09
protein7,Nucleolus,eedaesedeeeedvkllsisgkrsapgggskvpqkkvklaadeddddddeedddeddddddfddeeaeekapvkksirdtpaknaqksnqngkdskpsstprskgqesfkkqektpktpkgpssvedikakmqasiekggslpkveakfINYVKNCFRMTDQEAIQDLWQWRKSL,"120-268,269-294",2+1,D,26,0.15,K,26,0.15,E,22,0.13,S,17,0.1
protein8,Nucleus,ysggggggsrssrggrggrgrgggrdqnglskgggggynsyggygggggggynayggggggssyggsdygngfggfgsysqhqssygpmksggggggggsswggrsnsgpyrggygggggyggss,180-304,2,G,63,0.5,S,20,0.16,Y,13,0.1,R,8,0.06
protein9,Nucleus,gaggsksrltlsmavaaefrdslgdfiehyaqlgpsspeqlaagaeegggprralkseflvrenrkyyldlkenqrgrflrirqtvnrggggfgagpgpgglqsgqtialpaqgliefrdalakliddyggeddelaggpgggaggpggglygelpeg,65-222,2,G,35,0.22,L,18,0.11,A,16,0.1,E,13,0.08
protein10,Pbody,vqsslgsstssfqsmgsygpfgrmptysqfspsslvgqqfgavgvagssltsfgtetsnsgtlpqssavgsaftqdtrslktqlsqgrsspqldplrksptmeqavqtasahlpapaavgrrspvstrplpsasqkagenqehrraevhkvsrpeneqlrndnkrqvapgapsaprrgrgghrggrgrfgirrdgpmkfekdfdfesanaqfnkeeidrefhnklklkedklekqekpvngedkgdsgvdtqnsegnadeedplgPNCYYDKTKSFFDNISCDDnrerrptwaeerrlnaetfgiplrpnrgrggyrgrgglgfrggrgrgggrggtftaprgfrggfrggrggr,"378-448,359-377,94-358",2+3,G,51,0.14,R,40,0.11,S,37,0.1,P,24,0.07
protein11,Pbody,MDLTAIYEsllslspdvpvpsdhggtesspgwgssgpwslspsdsspsgvtsrlpgrstslvegrscgwvppppgfaplaprlgpelspsptsptatsttpsrYKTELCRTFSESGRCRYGAKCQFAHGLGELRQANRHPKYKTELCHKFYLQGRCPYGSRCHFIHNpsedlaapghppvlrqsisfsglpsgrrtsppppglagpslssssfspsssppppgdlplspsafsaapgtplarrdptpvccpscrratpisvwgplgglvrtpsvqslgsdpdeyassgsslggsdspvfeagvfappqpvaaprrlpi,"1-8,168-318,104-167,9-103",1+3,S,55,0.17,P,53,0.17,G,32,0.1,L,28,0.09
protein12,Spliceosome,ppdkkrkerqaarqasrstayedyyyhppprmpppirgrgrgggrggygyppdyygyedyyddyygydyhdyrggyedpyygyddgyavrgrgggrggrgapppprgrgappprgragysqrgaplgpprgsrggrggpaqqqrgrgsrgsrgnrggnvggkrkadgynqpdskrrqtnnqqnwgsqpiaqqplqqggdysgnygynndNQEFYQDTYGQQWK,"620-633,411-619",2+1,G,47,0.21,R,30,0.13,Y,28,0.13,P,25,0.11
protein13,cytoplasm,MSEEQFggdgaaaaataavggsageqegamvaatqgaaaaagsgagtgggtasggteggsaesega,"1-6,7-66",1,A,20,0.3,G,19,0.29,E,7,0.11,S,6,0.09
protein14,cytoplasm,qyqqqqqwgsrggfagrargrgggpsqnwnqgysnywnqgygnygynsqgyggyggydytgynnyygygdysnqqsgygkvsrrgghqnsy,262-352,2,G,24,0.26,Y,17,0.19,Q,13,0.14,N,10,0.11
protein15,Cajal_Body,stsfisssktvvqscghsletksyrvsedlvsihlplsrtlaglhvrlsrlgavsrlhefvsfedfqvevlveyplrclvlvaqvvaemwrrnglslisqv,575-675,2,S,16,0.16,L,15,0.15,V,15,0.15,R,8,0.08
protein16,cytoplasm,ppmnsmrgglppregrgmppplrggpggpggpggpmgrmggrggdrggfpprgprgsrgnpsgggNVQHRAGDWQCPNPGCGNQNFAWRTECNQCKAPKPEgflpppfpppggdrgrggpggmrggrgglmdrggpggmfrggrggdrggfrggrgmdrggfgggrrggpggppgplmeqmggrrggrggpgKMDKGEHRQERRDRPY,"514-549,641-656,449-513,550-640",2+3+1,G,71,0.34,P,33,0.16,R,32,0.15,M,12,0.06
protein17,Pbody,MpsatshsgsgskssgppppsgssgseaaagagaaapasqhpatgtgaVQTEAMKQILGVIDKKLRNLEKKKGKLDDYQERMNKGERLNQDQLDAVSKYQEVTNnlefakelqrsfmalsqdiqktikktarreqlmreeaeqkrlktvlelqyvldklgddevrtdlkqglngvpilseeelslldefyklvdperdmslrlneqyeHASIHLWDLLEGKEKPVCGTTYKVLKEIVERVFQSNYFDSTHNHQNGLCeeeeaasapavedqvpeaepepaeeyteqsevesteyvnrqfmaetqftsgekeqvdewtvetvevvnslqqqpqaaspsvpephsltpvaqa,"49-104,1-1,258-350,209-257,105-208,2-48",1+3+3,E,46,0.13,L,31,0.09,A,29,0.08,S,29,0.08
protein18,Nucleus,hpptlplqqhqhqpqppqyapapqqlqqppqqrylqhhhfhq,189-230,2,Q,14,0.33,P,10,0.24,H,7,0.17,L,4,0.1
protein19,cytoplasm,pilsklsqeinkneerrsiftrkpqvprfpeetesheednggwssfeeddyespnddqdgeddgdyespneeeeapveddadyepppsndeealqnsilpakpfpnsnsmyidrppsgktpqqppvppqrpmaalppppagrnhsplpppqtnheepsrsrnhktaklpapsidrstkppldrslapfdrepftlgkkppfsdkpsipagrslgehlpkiqkpplpptterherssplpgkkppvpkhgwgpdrrendeddvhqrplpqpallpmssntfpsrstkpspmnplpsshmpgafsesnssfpqsaslppyfsqgpsnrppiraegrnfplplpnkprppspaeeenslneewyvsyitrpeaeaalrkin,63-440,2,P,75,0.2,S,42,0.11,E,38,0.1,R,25,0.07
protein20,cytoplasm,ppdqkrkerkaqrqaaknqmyddyyyygpphmppptrgrgrggrggygyppdyygyedyydyygydyhnyrggyedpyygyedfqvgargrggrgargaapsrgrgaapprgragysqrggpgsargvrgarggaqqqrgrgvrgarggrggnvggkrkadgynqpdskrrqTNNQNWGSQPIAQQPLQGGDHSGNYGYKSENQEFYQDTFGQQWK,"408-579,580-623",2+1,G,46,0.21,R,28,0.13,Y,26,0.12,Q,20,0.09
protein21,Pbody,rrvfatkmakihlqqqqqqllqeetlprgsrgpvngggrlgpqarwevvgskltvdgaakpplaastgapgavttlaagqppyppqeqrsrpYLHGTRHGSQDCGSRESLATSEMSAFHQPGPCEDPSCLTHGDYYdnlslaspkwgdkpgvspsiglsvgsgwpsspgsdpplpkpcgdhplnhrqlslsssrssegslggqnsgiggrssekptglwstassqrvspglpspnlengapavgpvqprtpsvsaplalscprqgglprsnsglggevsgvmskpnvdpqpwfqdgpksylsssapssspagldgsqqgavpglgpkpgctdlgtgpklsptslvhpvmstlpelsckegplgwssdgslgsvlldspssprvrlpcqplvpgpelrpsa,"181-444,45-136,137-180",2+3,S,61,0.15,P,56,0.14,G,53,0.13,L,41,0.1
protein22,cytoplasm,MVKLakagknqgdpkkmapppkeveedsedeemsedeeddssgeevvipqkkgkkaaatsakkvvvsptkkvavatpakkaavtpgkkaaatpakktvtpakavttpgkkgatpgkalvatpgkkgaaipakgakngknakkedsdeeedddseedeeddededededeiepaamkaaaaapasededdeddeddedddddeeddseeeamettpakgkkaakvvpvkaknvaededeeeddededddddeddeddddeddeeeeeeeeeepvkeapgkrkkemakqkaapeakkqkvegteptta,"5-306,1-4",1,E,61,0.2,D,50,0.16,K,47,0.15,A,46,0.15
protein23,cytoplasm,kpkgeggfggrgggrggfggrgggrggrggfggrgrggfggrggfrggrggggDHKPQGKKTKFE,"646-698,699-710",2+1,G,35,0.54,R,10,0.15,F,6,0.09,K,6,0.09
protein24,Nuclear_Speck,MADKMDMSLDDIIKLNrsqrggrgggrgrgragsqggrgggaqaaarvnrgggpirnrpaiargaaggggrnrpa,"1-16,17-75",1,G,21,0.28,R,14,0.19,A,11,0.15,D,4,0.05
protein25,Nuclear_Speck,nrggmtrnrgaggfgggggtrrgtrggargrgrgagrnSKQQLSAEELDAQLDAYNARMDTS,"234-257,196-233",2+1,G,17,0.27,R,11,0.18,A,7,0.11,N,4,0.06
protein26,nucleus_cytoplasm,vaamslqshlipglnlaavglfpasssavppppssvtgaapyssfmqapeqemvqvfipaqavgaiig,355-422,2,A,12,0.18,P,9,0.13,S,9,0.13,V,7,0.1
protein27,Nucleolus,MKPGFSPrgggfggrggfgdrggrggrggfgggrgrgggfrgrgrgggggggggggggrggggfhsggnrgrgrggkrg,"1-7,8-79",1,G,48,0.61,R,15,0.19,F,6,0.08,K,2,0.03
protein28,cytoplasm,Mseageeqpmettgatengheavpeasrgrgwtgaaagaggataappsgnqngaegdqinaskneedag,"2-69,1-1",1,A,14,0.2,G,13,0.19,E,10,0.14,N,5,0.07
protein29,Nucleus,MAANVGDQRSTDWSSQYSMVAGAGRENGMETPMHENPEWEKARqalasisksgaaggsaksssngpvasaqyvsqaeasalqqqqyyqwyqqynyaypysyyypmsmyqsygspsqygmagsygsatpqqpsapqhqgtlnqppvpgmdesmsyqappqqlpsaqppqpsnpphgahtlnsgpqpgtapatqhsqagpatgqaygphtytepakpkkgqq,"44-220,1-43",1,Q,30,0.14,A,28,0.13,S,28,0.13,P,27,0.12
protein30,Nucleus,sreplpgltrepvaespkkkrweaasslhpprgagsatrgggapsqrgtpgaggagrargnsftkfgnrnvfmkdnssssstdsrsrsssrsptrhfrrsdshsdsdssysgnechpvgrrnpppkgrggrgahmdrgrgraqrgkrhdlaptkrsrkkmaalecedperelkkqkraarfqhghsrrlrleplvlqmsslessgadp,336-543,2,R,32,0.15,S,31,0.15,G,24,0.12,A,17,0.08
protein31,Stress_granule,nsnrqlersgrfggnpggfgnqggfgnsrgggaglgnnqgsnmgggmnfgafsinpammaaaqaalqsswgmmgmlasqqnqsgpsgnnqnqgnmqrepnqafgsgnnsysgsnsgaaigwgsasnagsgsgfnggfgss,265-404,2,G,36,0.26,N,21,0.15,S,21,0.15,A,14,0.1
protein32,Spliceosome,Msgrskresrgstrgkresesrgssgrvkrerdrerepeaassrgspvrvkrefepasareapasvvpfvrvkrerevdedseperevrakngrvdsedrrsr,"1-1,2-103",1,R,24,0.23,E,17,0.17,S,16,0.16,V,10,0.1
protein33,cytoplasm,MASRkegtgstatsssstagaagkgkgkggsgdsavkqvqidglvvlkiikhyqeegqgtevvqgvllglvved,"5-74,1-4",1,G,14,0.19,V,9,0.12,S,8,0.11,K,7,0.09
protein34,cytoplasm,lqllmdrvdemsqdivkyntymrntskqqqqkhqyqqrrqqenmqrqsrgepplpeedlsklfkppqpparmdsl,243-317,2,Q,14,0.19,L,7,0.09,P,7,0.09,R,7,0.09
protein35,Nucleolus,MQSNKTFNLEKQNHTPRKhhqhhhqqqhhqqqqqqppppp,"19-40,1-18",1,Q,12,0.3,H,8,0.2,P,6,0.15,K,3,0.08
protein36,Nucleolus,emekqqqdqvdrnikeareklememeaarhehqvmlmrqdlmrrqeelrrmeelhnqevqkrkqlelrqeeerrrreeemrrqqeemmrrqqegfkgtfpdareqeirmgqmamggamginnrgamppapvpagtpappgpatmmpdgtlgltpptterfgqaatmegigaiggtppafnraapgaefapnkrrr,276-470,2,E,28,0.14,R,26,0.13,A,19,0.1,M,18,0.09
protein37,Nucleus,Mqrrddpaarmsrssgrsgsmdpsgahpsvrqtpsrqpplphrsrgggggsrggaraspatqpppllppsatgpdatvggpaptpllppsatas,"1-1,2-94",1,P,19,0.2,S,14,0.15,G,13,0.14,A,11,0.12
protein38,Nucleus,gvpepsrgrgvpvrgrgaapppppvprgrgvgpprgalvrgtpvrgaitrgatvtrgvpppptvrgapaprartagiqriplppppapetyeeygyddtyaeqsyegyegyysqsqgdseyydyghgevqdsyeaygqddWNGTRPSLKAPPARPVKGAYREHPYGRY,"276-363,364-415",2+1,P,29,0.17,G,25,0.15,R,19,0.11,Y,16,0.1
protein39,Nucleus,lskkleevegeissyqdaieielensrpkakgglaslakdgstedtasslcgeedtedeeleaaashlnkdlyrellggapgsseaagspewggrppalgslldplptaaslgisdsirecissqssdpkdasgdgeldlsgiddleidryilnesearvkaelwmrenaeylreqrekeariakekelgiykehkpkksckrrepiqastareaiekmleqkkisskinysvlrglssagggsphredaqpehsasarklsrrrtpasrsgadpvtsvgkrlrplvstqpakkvatgeallpssptlgaeparpqavlvesgpvsyhadeeadeeepdeedgepcvsal,310-659,2,E,48,0.14,S,43,0.12,A,38,0.11,L,34,0.1
protein40,Stress_granule,ssrpppnrtdkeksyvtddgqgmgrgsrpyrnrghgrrgpgytsgtnseasnasetesdhrdelsdwslapteeeresflrrgdgrrrggggrgqggrgrgggfkgnddhsrtdnrprnpreakgrttdgslqirvdcnners,447-589,2,G,25,0.17,R,25,0.17,S,15,0.1,D,12,0.08
protein41,nucleus_cytoplasm,MSSEAETQQppaappaapalsaadtkpgttgsgagsggpggltsaapaggdkKVIATKVLGTVKWFNVRNGYGFINRNDTKEDVFVHQTAIKKNNPRKYLRSVGDGETVEFDVvegekgaeaanvtgpggvpvqgskyaadrnhyrryprrrgpprnyqqnyqnsesgeknegsesapegqaqqrrpyrrrrfppyymrrpygrrpqysnppvqgevmegadnqgageqgrpvrqnmyrgyrprfrrgpprqrqpredgneedkenqgdetqgqqppqrryrrnfnyrrrrpenpkpqdgketkaadppaenssapeaeqggae,"53-113,10-52,1-9,114-324",1+3,G,39,0.12,R,39,0.12,P,35,0.11,A,29,0.09
protein42,Stress_granule,npvqqqnqigypqpygqwgqwygnaqqigqympngwqvpaygmygqawnqqgfnqtqssapwmgpnygvqppqgqngsmlpnqpsgyrvagy,292-383,2,Q,20,0.22,G,15,0.16,P,11,0.12,N,9,0.1
protein43,Nuclear_Speck,pgagdtafpgtggfsatfdyqqafgnstggfdgqarqptppffgrdrsplrrspprasyvapltaqpatyraqpsvslgaayraqpsaslgvgyrtqpmtaqaasyraqpsvslgapyrgqlaspssqsaaasslgpyggaqpsasalssyggqaaaasslnsygaqgsslasygnqpssygaqaassygvraaassyntqgaasslgsygaqaasygaqsaasslaygaqaasynaqpsasynaqsapyaaqqaasyssqpaayvaqpataaayasqpaayaaqattpmagsygaqpvvqtqlnsygaqasmglsgsygaqsaaaatgsygaaaaygaqpsatlaapyrtqssaslaasyaaqqhpqaaasyrgqpgnaydgagqpsaaylsmsqgavananstpppyertrlspprasyddpykkavamskrygsdrrlaelsdyrrlsesqlsfrrsptkssldyrrlpdahsdyarysgsyndylraaqmhsgyqrr,168-668,2,A,111,0.22,S,81,0.16,G,47,0.09,Q,45,0.09
protein44,Nucleus,ipgrtdieleiygmegipekdmderrrlleqktqesqkkkqqddsdeyddddsaastsfqpqpvqpqqgyippmaqpglppvpgapgmppgipplmpgvpplmpgmppvmpgmppgmmpmggmmppgpgipplmpgmppgmpppvprpgippmtqaqavsapgilnrppaptatvpapqppvtkplfpsagqmgtpvtssstassnseslsasskalfpstaqaqaavqgpvgtdfkplnstpattteppkptfpaytqstasttsttnstaakpaasitskpatltttsatsKLIHPDEDISLEERRAQLPKYQRNLprpgqapignppvgpiggmmppqpgipqqqgmrppmpphgqygghhqgmpgylpgamppygqgppmvppyqggpprppmgmrppvmsqggry,"362-386,121-361,69-120",2+3,P,92,0.22,G,44,0.11,Q,31,0.08,A,30,0.07
protein45,Keratine_granuled,MIARQQCVrggprgfscgsaivgggkrgafssvsmsggagrcssggfgsrslynlrgnksismsvagsrqgacfggaggfgtggfgggfggsfsgkggpgfpvcpaggIQEVTINqslltplhveidpeiqkvrteereqikllnnkfasfidkvqfleqqnkvletkwnllqqqttttssknleplfetylsvlrkqldtlgndkgrlqselktmqdsvedfktkyeeeinkrtaaendfvvlkkdvdaaylnkveleakvdslndeinflkvlydaelsqmqthvsdtsvvlsmdnnrnldldsiiaevRAQYEEIAQRSKAEAEALYQTKVQQLQISVDQHGDNLKNTKSEIAELNRMIQrlraeienikkqcqtlqvsvadaeqrgenalkdahskrveleaalqqakeelarmlreyqelmsvklaldieiatyrkllegeeYRMSGECQsavsisvvsgststggisgglgsgsgfglssgfgsgsgsgfgfggsvsgsssskiisttt,"116-311,9-108,456-515,109-115,448-455,364-447,312-363,1-8",1+3+3+3,G,59,0.11,S,57,0.11,L,47,0.09,E,42,0.08
protein46,Nucleus,lqdldddvravaaaslvpvveslvylqtqkvpfiintlwdallelddltastnsimtllsslltypqvqqcsiqqsltvlvprvwpflhhtissvrraaletlftllstqdqnssswlipilp,439-561,2,L,23,0.19,S,14,0.11,V,12,0.1,T,11,0.09
protein47,Nucleus,tleekimglqkfkmniantvisqensslqsmgtdqlldlftldkdgkaekadtstsgkasmksilenlsdlwdqeqydseysle,1759-1842,2,L,11,0.13,S,11,0.13,D,8,0.1,E,8,0.1
protein48,Stress_granule,nfqqvdysqwgqwsqvygnpqqygqymangwqvppygvygqpwnqqgfgvdqspsaawmggfgaqppqgqapppvipppnqagygmasyq,284-373,2,Q,18,0.2,G,14,0.16,P,13,0.14,Y,8,0.09
protein49,Spliceosome,hmtpemfrtplheialsikllrlggigqflakaiepppldavieaehtlreldaldandeltplgrilaklpieprfgkmmi,788-869,2,L,14,0.17,A,8,0.1,E,8,0.1,I,8,0.1
protein50,cytoplasm,leelrlvfgplgdqlhaqlrdltssssdelswiiellekdgmafqealdpgpfdqgspfaqellddgqqaspyhpgscgagapspgssdvstagtgasrsshssdsggsdvdldptdgklfpsdgfrdckkgdpkhgkrkrgrprklskeywdclegkkskhaprgthlwefirdilihp,107-286,2,S,22,0.12,G,21,0.12,D,19,0.11,L,19,0.11
protein51,Pbody,lpdfqdseetvtsrmlfptsaqessrglpdandlclglqslsltgwdrpwstqdsdssaqssthsvlsmlhnplgnvlgkpplsflpldplgsdlvdkfpapsvrgsrldtrpildsrssspsdsdtsgfssgsdhlsdlisslrispplpflslsgggprdplkmgvgsrmdqeqaalaavtpsptsaskrwpgasvwpswdlleapkdpfs,62-274,2,S,42,0.2,L,29,0.14,P,24,0.11,D,20,0.09
protein52,Nucleolus,aesdnmdvppeddskegageqktehmtrtlrgvmrvglvakglllkgdldlelvllckekpttalldkvadnlaiqlaavtedkyeilqsvddaaivikntkepplsltihltspv,60-175,2,L,18,0.16,D,11,0.09,A,10,0.09,E,10,0.09
protein53,Nucleolus,plpskmpkkpknenpvdytvqippsttyaitpmkrpmeedgeekspskkkkkiqkkeekaeppqamnalmrlnqlkpgLQYKLVSQTGPVHAPIFTMSVEVDGNSFeasgpskktaklhvavkvlqdmglptgaegrdsskgedsaeeteakpavvapapvveavstpsaafpsdataeqgpiltKHGKNPVMELNEKRRGLKYELISETGGSHDKRFVMEVEVDgqkfqgagsnkkvakayaalaaleklfpdtplaldankkkrapvpvrggpkfaakphnpgfgmggpmhnevppppNLRgrgrggsirgrgrgrgfgganhggymnagagygsygyggnsatagysqfysngghsgnasgggggggggssgygsyyqgdnynspvppkhagkkqphggqqkpsygsgyqshqgqqqsynqspysnygppqgkqkgynhgqgsysysnsynspgggggsdynyeskfnysgsggrsggnsygsggasynpgshggygggsgggssyqgkqggysqsnynspgsgqnysgppssyqssqggygrnadhs,"638-640,416-443,641-888,523-562,563-637,444-522,338-415",2+3+3+3,G,99,0.18,S,62,0.11,P,49,0.09,K,45,0.08
protein54,cytoplasm,MIPICPVVSFTYVPSRLGEDAKMATGNYFGFTHsgaaaaaaaaqysqqpasgvayshpttvasytvhqapvaahtvtaayapaaatvavarpapvavaaaataaayggyptahtatdygytqrqqeappppppattqnyqdsysyvrstapavaydskqyyqqptataaavaaaaqpqpsvaetyyqtapkagysqgatqytqaqqtrqvtaikpatpspatttfsiypvsstvqpvaaaatvvpsytqsatysttavtysgtsysgyeaavysaassyyqqqqqqqkqaaaaaaaaaataa,"34-302,1-33",1,A,78,0.26,T,38,0.13,Q,31,0.1,Y,29,0.1
protein55,cytoplasm,akhqkvvklhtklgkpipstepnvvsqatsstavsaskptaspssiaannctvntssvatssmkgltttgnsslnstsntkvsavptnmaakktstpkinfvggnklqstgnkaedikgtecvkstpvtsavqipevkqdtvsepvtpaslaalQSDVQPVGHDYVEEVRNDEGKVIRFHCKLCECSFNDPNAKEMHLKGRRHRLQYKKKVNPDLQVEVKPSIRARKIQeekmrkqmqkeeywrrreeeerwrmemrryeedmywrrmeeeqhhwddrrrmpdggyphgppgplgllgvrpgmppqpqgpaplrrpDSSDDRYVMTKHATIYPTEEELQAVQKIVSITERalklvsdslseheknknkegddkkeggkdralkgvlrvgvlakglllrgdrnvnlvllcsekpsktllsriaenlpkqlavispek,"685-719,633-684,404-557,720-753,558-632",2+3+3,K,43,0.1,S,37,0.08,E,36,0.08,V,35,0.08
protein56,NuclearPorins,MfnksfgtpfgggtggfgttstfgqntgfgttsggafgtsafgssnntgglfgnsqtkpgglfgtssfsqpatststgfgfgtstgtantlfgtastgtslfssqnnafaqnkptgfgnfgtstssgglfgttnttsnpfgstsgslfgpssftaaptgttikfnpptgtDTMVKAGVSTNISTKHQCITAMKEYESKSLEELRLEDYQANRKgpqnqvgagtttglfgsspatssatglfsssttnsgfaygqnktafgtsttgfgtnpgglfgqqnqqttslfskpfgqatttqntgfsfgntstgqpstntmglfgvtqasqpgglfgtatntstgtafgtgtglfgqtntgfgavgstlfgnnklttfgssttsapsfgttsgglfgnkptltlgtntntsnfgfgtntsgnsifgskpapgtlgtglgagfgtalgagqaslfgnnqpkiggplgtgafgapgfntttatlgfgapqapvaltdpnasaaqqavlqqHINsltyspfgdsplfrnpmsdpkkkeerlkptnpaaqkalttpthykltprpatrvrpkalqttgtakshlfdgldddepslangafmpkksikklvlknlnnsnlfspvnrdsenlaspseypengerfsflskpvden,"214-502,1-1,2-170,171-213,506-643,503-505",1+3+3,T,105,0.16,G,102,0.16,S,72,0.11,F,57,0.09
protein57,NuclearPorins,qdsdeeeeehpsktstkklktaplppasqttplqmalngkpapppqsqspeveqlgrvveldsdmvditqepvldtmleesmpedqepvsast,885-977,2,E,13,0.14,P,13,0.14,S,10,0.11,L,8,0.09
protein58,Nuclear_Speck,MSRDRFRsrggggggfhrrgggggrgglhdfrspppgmglnqnrgpmgpgpgqsgpkppippppphqqqqqpppqqpppqqppphqppphpqphqqqqpppppqdsskpvvaqgpgpapgvgsappasssappatpptsgappgsgpgptptpppavtsappgappptppssgvpttppqaggpppppaavpgpgpgpkqgpgpggpkggkmpggpkpgggpglstpgghpkpphrgggeprggrqhhppyhqqhhqgpppggpgg,"8-266,1-7",1,P,88,0.33,G,59,0.22,Q,25,0.09,S,16,0.06
protein59,Nuclear_Speck,eyeysqrwksldemekqqreqveknmkdakdklesemedayhehqanllrqdlmrrqeelrrmeelhnqemqkrkemqlrqeeerrrreeemmirqremeeqmrrqreesysrmgymdprerdmrmggggamnmgdpygsggqkfpplgggggigyeanpgvppatmsgsmmgsdmrterfgqggagpvggqgprgmgpgtpagygrgreeyegp,487-701,2,E,33,0.15,G,32,0.15,R,27,0.13,M,22,0.1
protein60,Nucleolus,Mrgdrgrgrggrfgsrggpgggfrpf,"2-26,1-1",1,G,11,0.42,R,7,0.27,F,3,0.12,P,2,0.08
protein61,Nucleolus,drgsgrsrgrggmkddrrdrysagkrggfntfrdrenydrgyssllkrdfgaktqngvysaanytngsfgsnfvsagiqtsfrtgnptgtyqngydstqqygs,477-579,2,G,18,0.17,R,13,0.13,S,12,0.12,D,8,0.08
protein62,membranes,fvlavvitcffgslvtltfggayvvklleeyatgpavltvalieavavswfygiTQFCRDVKEMLGFSPGWFWRICWVAisplfllfiicsflmsppqlrlfqynypywsiilgycigtssficiptyiayrliitpgtfkeriiksitpetpteipcgdirl,"465-518,519-543,544-627",2+3,I,20,0.12,L,17,0.1,F,14,0.09,T,13,0.08
protein63,Nucleus,MSDYSTggpppgppppagggggaggagggpppgppgagdrggggpggggpgggsaggpsqppggggpg,"1-6,7-68",1,G,34,0.5,P,18,0.26,A,5,0.07,S,4,0.06
protein64,Nucleus,gppgppggpgmppggrgrgrgqgnwgppggEMTFSIPTHKCGLVIGRGGENVKAINQQTGAFVEISRQLPPNGDPNFKLFIIRGSPQQIDHAKQLIEEKIEgplcpvgpgpggpgpagpmgpfnpgpfnqgppgapphaggppphqyppqgwgntypqwqppaphdpskaaaaaadpnaawaayyshyyqqppgpvpgpapapaappaqgeppqppptgqsdytkaweeyykkigqqpqqpgappqqdytkaweeyykkqaqvatgggpgappgsqpdysaawaeyyrqqaayygqtpgpggpqppptqqgqqqaq,"497-711,396-425,426-496",2+3,P,67,0.21,G,52,0.16,Q,36,0.11,A,34,0.11
protein65,Nucleolus,MAgsgagvrcsllrlqetlsaadrcgaalaghqlirglgqecvlssspavlalqtslvfsrdfgllvfvrkslnsiefrecreeilkflcifl,"1-2,3-93",1,L,17,0.18,S,10,0.11,A,9,0.1,G,8,0.09
protein66,Nucleolus,ellslvykgiapgderqclpsldlsckqlasgllelafafgglcerlvslllnpavlstaslgssqgsvihfshgeyfyslfsetintellknldlavlel,1482-1582,2,L,24,0.24,S,13,0.13,E,8,0.08,G,8,0.08
protein67,Nucleolus,gdsdgpsymsslsyladstlseemsqfdfstgvqsysyssqdprpatgrfrrreqrdptvhddvlelemdel,2017-2088,2,S,13,0.18,D,9,0.12,E,6,0.08,L,6,0.08
protein68,Nucleolus,rfrstvltpmfvetqasqgtlqtrtqegslsarwpvagqiratqqqhdftltqtadgrssfdwltgsstdplvdhtspssdsllfahkrserlqraplksvgpdfgkkrlglpgdevdnkvkgaagrtdllrlrrrfmrdqeklslmyarkgvaeqkrekeikselkmkqdaqvvlyrsYRHGDLPDIQIKHSSLITPLQAVAQRDPIIAKQLFSSLFSGILKEMDKFKTLSEKNNITQKLLQDFNRFLNTTFSFFPPFVSCIQDISCQHaallsldpaavsagclaslqqpvgirlleeallrllpaelpakrvrgkarlppdvlrwvelakl,"2596-2774,2775-2865,2866-2929",2+3,L,45,0.13,S,29,0.09,R,28,0.08,A,26,0.08
protein69,Nucleolus,fyqetylpymirsklklllqgeadqslltfidkamhgelqkailelhysqelsllyllqddvdrakyyiq,3035-3104,2,L,15,0.21,Q,7,0.1,Y,7,0.1,D,5,0.07
protein70,cytoplasm,kedqteyleerrvkevvkkhsqfigypitlylekerekeisddeaeeekgekeeedkddeekpkiedvgsdeeddsgkdkkkktkkikekyidqeelnktkpiwtrnpdditqee,186-300,2,E,27,0.23,K,22,0.19,D,14,0.12,I,8,0.07
protein71,cytoplasm,evvymtepideycvqqlkefdgkslvsvtkeglelpedeeekkkmeeskakfenlcklmkeildkkvekv,509-578,2,E,15,0.21,K,13,0.19,L,7,0.1,V,7,0.1
protein72,Stress_granule,MEEkpgqpqpqhhhshhhphhhpqqqqqqphhhhhyyfynhshnhhhhhhhqqphqylqhgaegspkaqpkplkheqkhtlqqhqetpkkkt,"4-92,1-3",1,H,28,0.3,Q,18,0.2,P,11,0.12,K,8,0.09
protein73,Stress_granule,kpdyseqkgnrvdgskpiwkyetgpggtsrgkpavgdmlrkssdskpgvsskkfddrpkgkhasavaskedswtlfkpppvfpvdnssakivpkisyaskvkenlnktiqnssvsptsssssssstgetqtqsssrlsqvpmsalksvtsanfsngpvlagtdgnvyppggqpllttaantltpissgtdsvlqdmsltsaaveqiktslfiypsnmqtmllstaqvdlpsqtdqqnl,262-499,2,S,43,0.18,K,20,0.08,P,20,0.08,T,20,0.08
protein74,cytoplasm,Mpppspdsengfypglpssmnpaffpsfspvsphgctglsvptsggggggfggpfsatavppppppamnipqqqppppaapqqpqsrrspvspqlqqqhqaaaaaflqqrnsynhhqpllkqspwsnhqssgwgtgsmswgamhgr,"1-1,2-146",1,P,29,0.2,S,20,0.14,G,17,0.12,Q,16,0.11
protein75,Stress_granule,MGKKQNRKTGNSKTQSASPPPKERSSSPATEQSWMENDfdelreegfrrsnyselrediqtkgkevenfeknleecitritntekclkelmelktkarelreecrslrsrcdqleervsamedemnemkregkfrekrikrneqslqe,"39-148,1-38",1,E,28,0.19,R,17,0.11,K,16,0.11,S,13,0.09
protein76,NuclearPorins,MstgfsfgsgtlgsttvaaggtstggvfsfgtgassnpsvglnfgnlgststpattsapssgfgtglfgskpatgftlggtntgiattittgltlgtpattsaattgfslgfnkpaasatpfalpitstsasgltlssaltstpaastgftlnnlggttattttastglslggalaglggslfqstntgtsglgqnalgltlgttaatstagNEGLGGIDFSSSSDKKSDKTGtrpedskalkdenlppvicqdvenlqkfvkeqkqvqeeisrmsskamlkvqedikalkqllslaangiqrntlnidklkietaqelknaeialrtqktppglqheyaapa,"2-212,234-343,1-1,213-233",1+3,T,55,0.16,G,47,0.14,S,41,0.12,A,37,0.11
protein77,NuclearPorins,ttgptpfstmpnaaavamaatltqqqqpatgpqpslgvsfgtpfgsgigtglqssglgssnlggfgtssgfgcsttgastfgfgttnkpsgslsagfgssstsgfnfsnpgitasagltfgvsnpasagfgtggqllqlkkppag,449-593,2,G,30,0.21,S,23,0.16,T,19,0.13,A,14,0.1
protein78,Pbody,kkrkkedkkkkeatqkvteqktkvpevtkpslsqptaaspigsspsppvnggnnakrvavpngqppsaarymprevppRFRCQQDHKVLLKRGQppppscmllgggagpppctapganpnnaqvtgallqsesgtapdstlggaaasnyanstwgsgassnngtspnpihiwdkvivdgsdmeewpciaskdtesssenttdnnsasnpgsekstlpgsttsnkgkgsqcqsassgnecnlgvwksdpkaksvqssnsttennnglgnwrnvsgqdrigpgsgfsnfnpnsnpsawpalvqegtsrkgaleTDNSNSSAQVSTVGQTSREQQSKMENAGVNFVVsgreqaqihntdgpkngntnslnlsspnpmenkgmpfgmglgntsrstdapsqstgdrktgsvgswgaargpsgtdtvsgqsnsgnngnngkeredswkgasvqkstgskndswdnnnrstggswnfgpqdsndnkwgegnkmtsgvsqgewkqptgsdelkigewsgpnqpnsstgawdnqkghplpenqgnaqapcwgrsssstgsevggqstgsnhkagssdshnsgrrsYRPTHPDCQAVLQTLLSRTDLDPRVLsntgwgqtqikqdtvwdieevprpegksdkgtegwesaatqtknsggwgdapsqsnqmksgwgelsastewkdpkntggwndyknnnssnwgggrpdektpsswnenpskdqgwgggrqpnqgwssgkngwgeevdqtknsnwessaskpvsgwgeggqneigtwgnggnaslaskggwedckrspawnetgrqpnswnkqhqqqqppqqppppqpeasgswggppppppgnvrpsnsswssgpqpatpkdeepsgweepspqsisrkmdiddgtsawgdpnsynyknvnlwdknsqggpaprepnlptpmtsksasvwskstppapdngtsawgepnesspgwgemddtgasttgwgntpanapnamkpnsksmqdgwgesdgpvtgarhpsweeeedggvwnttgsqgsasshnsaswgqggkkqmkcslkggnndswmnplakqfsnmgllsqtednpsskmdlsvgslsdkkfdvdkramnlgdfndimrkdrsgfrppnskdmgttdsgpyfekltlpfsnqdgclgdeapcspfspspsyklspsgstlpnvslgaigtglnpqnfaarqggshglfgnstaqsrglhtpvqplnsspslraqvppqfispqvsasmlkqfpnsglspglfnvgpqlspqqiamlsqlpqipqfqlacqlllqqqqqqqllqnqrkisqavrqqqeqqlarmvsalqqqqqqqqrqpgmkhspshpvgpkphldnmvpnalnvglpdlqtkgpipgygsgfssgg,"94-109,16-93,110-326,327-359,619-1379,593-618,360-592",2+3+3+3,S,189,0.14,G,166,0.12,P,130,0.1,N,118,0.09
protein79,Pbody,sftnvhstsakfpdykstwspdpighnpthlsnkmwknhissrnttplprpppgltnpkpsspwsstaprsvrgwgtqdsrlasastwsdggsvrpsywlvlhnltpqidgstlrtiCMQHGPLLTFHLNLTQGTALIRYSTKQEAAKAQTALHMCVlgnttilaefatddevsrflaqaqpptpaatpsapaagwqsletgqnqsdpvgpalnlfggstglgqwsssaggssgadlagaslwgppnyssslwgvptvedphrmgspapllpgdllgggsds,"1668-1707,1551-1667,1708-1832",2+3,S,38,0.13,P,30,0.11,G,28,0.1,L,28,0.1
protein80,Nucleus,MSKsfqqsslsrdsqghgrdlsaagigllaaatqslsmpaslgrmnqgtarlaslmnlgmssslnqqgahsalssastsshnlqsifnigsrgplplssqhrgdadqasnilasfglsardldelsrypedkitpenlpqillqlkrrrteegptlsygrdgrsatreppyrvprddweekrhfrrdsfddrgpslnpvldydhgsrsqesgyydrmdyeddrlrdgercrddsffgetshnyhkfdseyermgrgpgplqerslfekkrgAPPSSNIEDFHGLLPKGYPHLCSICDLPVHSNKEWSQHINGASHSRRCQLLLEIYPEWNPDNDTGHTMGDPFMLQQSTnpapgilgppppsfhlggpavgprgnlgagngnlqgp,"350-386,1-3,4-271,272-349",1+3,S,48,0.12,L,40,0.1,G,39,0.1,R,33,0.09
protein81,Nucleus,kvdlsekykklvlripnrgidllkkdksrkrsyspdgkespsdkksktdgsqktesstegkeqeeksgedgekdtkddqteqepnmllesedellvdeeeaaallesgssvgdetdlanlgdvasdgkkepsdkavkkdgsasaaakkklkkvdkieeldqeneaalengikneentepgaessenaddpnkdtsenadgqsdenkdd,565-772,2,E,32,0.15,K,31,0.15,D,27,0.13,S,23,0.11
protein82,Nucleolus,Mptgfvapilcvllpsptreaatvasatgdsaseresaapaaaptaeapppsvvtrpepqalpspairaplpdlypfgtmrgggfgdrdrdrdrggfgargggglppkkfgnpgerlrkkkwdlselpkfeknfyvehpevarltpyevdelrrk,"1-1,2-155",1,P,22,0.14,A,18,0.12,G,16,0.1,R,15,0.1
protein83,Nucleolus,rggggggggrsryrttssannpnlmyqdecdrrlrgvkdggrrdsasyrdrsetdragyangsgygspnsafgaqagqytygqgtygaaaygtssytaqeygagtygassttstgrssqsssqqfsgigrsgqqpqplmsqqfaqppgatnmigymgqtayqypppppppppsr,555-728,2,G,31,0.18,S,23,0.13,A,16,0.09,Q,16,0.09
protein84,cytoplasm,eedessfqlvdtartqktayqrnrmrfaqrnlrrdkdrrnmlqfnlqilpksakqkererirlqkkfqkqfgvrqkwdqksqkprdssvevrsdwevkeemdfpqlmkmrylevsepq,74-191,2,R,16,0.14,Q,15,0.13,K,13,0.11,E,11,0.09
protein85,cytoplasm,dedeeeeeeeeeeeeeee,530-547,2,E,16,0.89,D,2,0.11,A,0,0.0,B,0,0.0
protein86,cytoplasm,MnsqpqtrspffqrpqiqppratipnsspsirpgaqtptavyqanqhimmvnhlpmpypvpqgpqycipqyrhsgppyvgppqqypvqppgpgpfypgpgpgdfpnaygtpfypsqpvyqsapiivptqqqpppakrekktirirdpnqggkditeeimsgggsrnptppigrptstptppqqlpsqvpehspvvygtvesahlaastpvtaasdqkqeekpkpdpvlkspspvlrlvlsgekkeqegqtsettaivsiaelplppspttvssvarstiaaptssalssqpifttaiddrcelsspredtipipsltsctetsdplptnendddickkpcsvapndiplvsstnlineingvseklsatesiveivkqevlpltleleilenppeemklecipapitpstvpsfpptpptppaspphtpvivpaaattvsspsaaitvqrvleedesirtclsedakeiqnkieveadgqteeildsqnlnsrrspvpaqIAITVpktwkkpkdrtrtteemleaelelkaeeelsidkvleseqdkmsqgfhperdpsdlkkvkaveengeeaepvrngaesvsegegidansgstdssgdgvtfpfkpeswkptdtegkk,"506-622,2-500,1-1,501-505",1+3,P,95,0.15,S,62,0.1,E,57,0.09,T,51,0.08
protein87,cytoplasm,rklllnrcqkefekdkadddvfekkqkeleaasapeertrlhdeleeakdkarrrsignikfigelfklkmlteaimhdc,834-913,2,E,12,0.15,K,12,0.15,L,9,0.11,A,7,0.09
protein88,cytoplasm,tvqgaknsrvldpskflkitkptidekiqlvpkaqlgswgkgssggakasetdalrssasslnrfsalqppapsgstpstpvefdsrrtltsrgsmgrekndkplpsatarpntfmrggsskdlldnqsqeeqrreMletvkqltggvdvernsteaernktresakpeisamsahdkaalseeelerksksiideflhindfkeamqcveeln,"1037-1172,1173-1173,1174-1250",2+3,S,28,0.13,E,21,0.1,K,18,0.08,A,17,0.08
protein89,cytoplasm,eadlswkdflpegedvhnflleqkldfiesdspcssealskkelsaeelykrlekliiedkandeqifdwveanldeiqmssptfl,1378-1463,2,E,14,0.16,L,12,0.14,D,9,0.1,S,9,0.1
protein90,cytoplasm,efsedsvqvprnlvgkvigkngkviqeivdksgvvrvrvegdndkknpreegmvpfifvGTRENISNAQALLEYHLSYLQEVeqlrlerlqideqlrqiglgfrppgsgrgsggsdkagystdessssslhatrtyggsyggrgrgrrtggpaygpssdvstasetesekreepnragpgdrdpptrgeesrrrptggrgrgpppaprptsrynsssissvlkdpdsnpyslldtsepeppvdsepgepppasarrrrsrrrrtdedrtvmdgglesdgpnmtengledesrpqrrnrsrrrrnrgnrtdgsisgdrqpvtvadyisraesqsrqrpplertkpsedslsgqkgdsvsklpkgpsengelsaplelgs,"349-371,372-667,290-348",2+3,R,50,0.13,S,49,0.13,G,44,0.12,E,35,0.09
protein91,Stress_granule,MAsndytqqatqsygayptqpgqgysqqssqpygqqsysgysqstdtsgygqssyssygqsqntgygtqstpqgygstggygssqssqssygqqssypgygqqpapsstsgsygsssqsssygqpqsgsysqqpsyggqqqsygqqqsynppqgygqqnqynsssggggggggggnygqdqssmssgggsgggygnqdqsggggsggygqqdrggrgrggsggggggggggynrssggyeprgrgggrggrggmggsdrgg,"1-2,3-261",1,G,81,0.31,S,55,0.21,Q,43,0.16,Y,29,0.11
protein92,Stress_granule,rradfnrgggngrggrgrggpmgrggyggggsggggrggfpsgggggggqqragdWKCPNPTCENMNFSWRNECNQCKApkpdgpgggpggshmggnygddrrggrggydrggyrgrggdrggfrggrgggdrggfgpgkmdsrgehrqdrrerpy,"371-425,450-526,426-449",2+3,G,60,0.38,R,25,0.16,D,10,0.06,P,10,0.06
protein93,Nuclear_Speck,MVHSSMGAPEIRMSKpleaekqgldspsehtdterngpdtnhqnpqnktspfsvsptgpstkikaedpsgdsapaaplppqpaqphlpqaqlmltgsqlagdiqqllqlqqlvlvpghhlqppaqfllpqaqqsqpgllptpnlfqlpqqtqgalltsqpraglptqavtrptlpdphlshpqppkcleppshpeepsdleeleqfart,"16-209,1-15",1,P,36,0.17,L,27,0.13,Q,27,0.13,S,17,0.08
protein94,Nuclear_Speck,saapmlpspgkpasysphmvtpqggagtlplsqassslsttvttlssavgtlhpsrtaggggggggaapplnsipsvtppppattnstnpspqgshsaiglsglnpstgpgl,359-470,2,S,20,0.18,P,19,0.17,G,18,0.16,T,13,0.12
protein95,Stress_granule,sepeldeesedeveeeqeerqpspepvqenansgyyeahpvtngieepleesshepepepesetkteelkpqveeknleeleeksttpppaepvslpqeppkafswasvtsknlppsgtvsssgipphvkapvsqprveakpevqsqpprvreqrprerpgfpprgprpgRGDMEQNDSDNRRIIRYPDSHQLFVGNLPHDIDENELKEFFMSFGNVVELRINTKGVGGKLPNFGFVVFDdsepvqriliakpimfrgevrlnveekktraareretrgggddrrdirrndrgpggprgivgggmmrdrdgrgppprggmaqklgsgrgtgqmegrftgqrr,"141-310,311-380,381-482",2+3,E,49,0.14,P,42,0.12,G,35,0.1,R,35,0.1
protein96,Pbody,MSVEAYgpssqtltfldteeaellgadtqgsefeftdftlpsqtqtppggpggpggggaggpggagagaaagqldaqvgpegilqngavddsvaktsqllaelnfeedeedt,"7-112,1-6",1,G,21,0.19,A,13,0.12,E,12,0.11,L,10,0.09
protein97,Pbody,ssqgrpssmyfqthdqigmisagpshvaamnipipfnlvmppmpppgyfgqangpaagrgtpkgktgrggrqknrfglpgpsqtnlpnsqasqdvasqpfsqgaltqgyismsqpsqmsqpglsqpelsqdsylgdefksqidvalsqdstyqgerayqhggvtglsq,961-1128,2,G,22,0.13,S,22,0.13,Q,21,0.12,P,18,0.11
protein98,nucleus_cytoplasm,appppppsrggpppppppphnsgpppppargrgapppppsraptaappppppsrpsvavpppppnrmypppppalpssapsgppppppsvlgvgpvapppppppppppgpppppglpsDGDHQVPTTAGNKAALLDQIREGAQLKKVEQNSRPVSCSGRDALLDQIRQGIQLKSVADGQESTPPTPAPTSGIVGALMEVMQKRSKAIHSSDEDEDEDDEEDFEDDDEWED,"276-393,394-505",2+1,P,74,0.32,A,19,0.08,S,19,0.08,G,18,0.08
protein99,Nucleus,lkpdvrlsrgsidredgslqgpignqhiyqpvgkpdpaappkkpprpgapghlgslaslsspadsynegvklqpqeisppp,833-913,2,P,16,0.2,G,9,0.11,S,9,0.11,L,7,0.09
protein100,cytoplasm,MpghlqegfgcvvtnrfdqlfddesdpfevlkaaenkkkeaggggvggpgaksaaqaaaqtnsnaagkqlrkesqkdrknplppsvgvvdkkeetqppvalkkegirrvgrrpdqqlqgegkiidrrperrpprerrfekpleekgeggefsvdrpiidrpirgrgglgrgrggrgrgmgrgdgfdsrgkrefdrhsgsdrssfshysglkhedkrggsgshnwgtvkdeltespkYIQKQISYNYSDLDQSNVteetpegeehhpvadtenkeneveevkeegpkemtldewkaiqnkdrakvefnirkpnegadgqwkkGFVLHKSKSEEAHAEDSVMDHHFRKPANDITSQLEINFGDLgrpgrggrggrggrgrggrpnrg,"1-1,363-385,255-321,322-362,237-254,2-236",1+3+3,G,56,0.15,E,41,0.11,R,39,0.1,K,34,0.09
protein101,cytoplasm,eveqlrmerlqideqlrqigsrsysgrgrgrrgpnytsgygtnselsnpseteserkdelsdwslageddrdsrhqrdsrrrpggrgrsvsggrgrggprggkssissvlkdpdsnpyslldntesdqtadtdaseshhstnrrrrsrrrrtdedavlmdgmtesdtasvnenglvtvadyisraesqsrqrnlpret,360-557,2,R,32,0.16,S,30,0.15,G,20,0.1,D,18,0.09
protein102,Cajal_Body,nsrspgnksdnikpksapwnsflpppppmpgprlgpgkpglkfngpppppppppphllscwlppfpsgppiipppppicpdslddadalgsmlisWYMSGYHTGYYMGFRQNQKEGRCSHSLN,"172-266,267-294",2+1,P,33,0.27,S,13,0.11,G,12,0.1,L,10,0.08
protein103,Stress_granule,epqeeseeeveepeerqqtpevvpddsgtfydqavvsndmeehleepvaepepdpepepeqepvseiqeekpepvleetapedaqkssspapadiaqtvqeDLRTFSWASVTSKNLppsgavpvtgipphvvkvpasqprpeskpesqippqrpqrdqrvreqrinippqrgprpireageqgdieprrmvrhpdshqLFIGNLPHEVDKSELKDFFQSYGNVVELRINSGGKLPNFGFVVFDDSEPVQKVLSNRPIMfrgevrlnveekktraaregdrrdnrlrgpggprgglgggmrgpprggmvqkpgfgvgrglaprq,"260-341,402-466,245-259,342-401,144-244",2+3+3,P,44,0.14,E,43,0.13,R,29,0.09,G,28,0.09
protein104,Stress_granule,MSHVAVENALGLDQQFAGLDLNSSDNQSGGSTASKGRYIPPHLRNREATkgfydkdssgwssskdkdayssfgsrsdsrgkssffsdrgsgsrgrfddrgrsdydgigsrgdrsgfgkferggnsrwcdksdeddws,"1-49,50-137",1,S,27,0.2,G,20,0.15,D,18,0.13,R,14,0.1
protein105,Stress_granule,hykgssrgrskssrfsggfgardyrqssgassssfsssrasssrsgggghgssrgfggggyggfynsdgyggnynsqg,579-656,2,S,23,0.29,G,22,0.28,R,8,0.1,Y,6,0.08
protein106,nucleus_cytoplasm,MsdsgsygqsggeqqsystygnpgsqgygqasqsysgygqttdssygqnysgyssygqsqsgysqsyggyenqkqssysqqpynnqgqqqnmessgsqggrapsydqpdygqqdsydqqsgydqhqgsydeqsnydqqhdsysqnqqsyhsqrenyshhtqddrrdvsrygednrgyggsqgggrgrggydkdgrgpmtgssggdrggfknfgghrdygprtdadsesdnsdNNTIFVQGLGEGVSTDQVGEFFKQIGIIKTNKKTGKPMINLYTDKDTGKPKGEATVSFDDPPSAKAAIDWFDGKEFHGNIIKVSFATRRPEFMrgggsgggrrgrggyrgrggfqgrggdpksgdwvcpnpscgnmnfarrnscnqcneprpedsrpsggdfrgrgyggergyrgrggrggdrggyggdrsgggyggdrssgggysgdrsgggyggdrsgggyggdrgggyggdrgggyggdrgggyggdrggyggdrgggyggdrggyggdrggyggdrggyggdrggyggdrsrggyggdrgggsgyggdrsggyggdrsgggyggdrgggyggdrggyggkmggrndyrndqrnr,"326-590,1-1,2-232,233-325",1+3,G,175,0.3,S,62,0.11,R,56,0.09,D,55,0.09
protein107,cytoplasm,grgklyhqskgpgapqypagtqgeqlevperllvvldmeegtlgyaiggtylgpafrglkgrtlypav,136-203,2,G,13,0.19,L,9,0.13,P,6,0.09,A,5,0.07
protein108,membranes,lrlstvastdilatvleemppfperessilaklkkkkgpstvtdledtkrdrsvdvnggpepapastsavstpspsadllglgaappapagpppssggsgllvdvfsdsasvvaplapgs,583-702,2,S,18,0.15,P,17,0.14,A,14,0.12,L,13,0.11
protein109,cytoplasm,rillqsknagavigkggknikalrtdynasvsvpdssgperilsisadietigeilkkiiptleeglqlpsptatsqlples,46-127,2,I,10,0.12,L,10,0.12,S,10,0.12,G,7,0.09
protein110,cytoplasm,mmfddrrgrpvgfpmrgrggfdrmppgrggrpmppsrrdyddmsprrgppppppgrggrggsrarnlplpppppprggdlmaydrrgrpgdrydgmvgfsadetwdsaidtwspsewqmayepqggsgydysyaggrgsygdlggpiittqvtipkdlagsiigkggqrikqirhesgasikideplegsedriititgtqdqi,241-444,2,G,36,0.18,P,27,0.13,R,25,0.12,D,19,0.09
protein111,Nucleus,MaetlsglgdsgaagaaalssassetgtrrlsdlrvidlraelrkrnvdssgnksvlmerlkkaiedeggnpdeieitsegnkktskrsskgrkpeeegvedngleensgdgqedvetslenlqdidimdisvldeaeidngsvadcvedddadnlqeslsdsrelvegemkelpeqlqehaiedketinnldtsssdftilqeieepslepenekildilgetcksepvkeesseleqpfaqdtssvgpdrklaeeedlfdsahpeegdldlasestahaqsskadsllavvkrepaeqpgdgertdcepvglepaveqssaaselaeasseelaeapteapspeardskedgrkfdfdacnevppapkesstsegadqkmsspeddsdtkrlskeekgrssCGRNFWVSGLSSTTRATDLKNLFSKYGKVVGAKVVTNARSPGARCYGFVTMSTAEEATKCINHLHKTELHGKMIsvekaknepvgkktsdkrdsdgkkekssnsdrstnlkrddkcdrkddakkgddgsgekskdqddqkpgpsersratksgsrgtertvvmdkskgvpvisvktsgskerasksqdrksasrekrsvvsfdkvkeprksrdseshsrvrersereqrmqaqwereererleiarerlafqrqrlerermererlerermhveherrreqerihrereelrrqqelryeqerrpavrrpydldrrddaywpeakraalderyhsdfnrqdrfhdfdhrdrgrypdhsvdrregsrsmmgeregqhyperhggperhgrdsrdgwggygsdkrmsegrglpppprrdwgdhgrreddrswqgtadggmmdrdhkrwqggersmsghsgpghmmnrggmsgrgsfapggasrghpiphggmqggfggqsrgsrpsdar,"478-910,2-403,1-1,404-477",1+3,E,116,0.13,S,103,0.11,R,99,0.11,D,83,0.09
protein112,Keratine_granuled,MDLSNNTMSLSVRTPglsrrlssqsvigrprgmsassvgsgyggsafgfgascgggfsaasmfgsssgfgggsgssmagglgagygralgggsfgglgmgfggspgggslgilsgndggllsgs,"16-124,1-15",1,G,40,0.32,S,27,0.22,L,11,0.09,A,8,0.06
protein113,Keratine_granuled,raqyetiaeqnrkdaeawfieksgelrkeistnteqlqssksevtdlrrafqnleielqsqlamkksledslaeaegdycaqlsqvqqlisnleaqllqvradaerqnvdhqrllnvkarleleietyrrlldgeaqgdgleeslfvtdsksqaqstdsskdptktrkiktvvqemvngevvssqvqeieel,302-493,2,E,26,0.14,L,22,0.11,Q,21,0.11,S,18,0.09
protein114,Nucleus,lgpyvlhgrpyrppspppppsegfsiksllggsgegapwpglapqsspvpagtgnsgeeavptpplpsserplwplcplpgptrvegetvqggaigpstlspeprawplhllqgtavpggrssgghraslwgqlptsylpiytpnvvmplappptscpqcpstspaywgvapetrgppgllCDLDALFQGVPPNKSIYDVWVSHPRDLAAPGPGWLLSWCSL,"325-365,144-324",2+1,P,46,0.21,G,28,0.13,L,25,0.11,S,23,0.1
protein115,nucleus_cytoplasm,MEVpprlshvppplfpsapatlasrslshwrprpprqlapllpslapssarqgarraqrhvtaqqpsrlaggaaikggrrrrpdlfrrhfksssiqrsaaaaaatrtarqhppadssVTMEDMNEYSNIEEFAEGSKINASKNQQDDGKMFIGGLSWDTSKKDLTEYlsrfgevvdctiktdpvtgrsrgfgfvlfkdaasvdkvlelkehkldgklidpkrakalkgkeppkkvfvgglspdtseeqikeyfgafgeienieLPMDTKTNERRGFCFITYTDEEPVKKLLESRYHQIGSGKCEIKVAQPKEVyrqqqqqqkggrgaaaggrggtrgrgrgqgqnwnqgfnnyydqgygnynsayggdqnysgyggydytgynygnygygqgyadysgqqstygkasrgggnhqnnyq,"264-313,1-3,4-117,314-418,118-167,168-263",1+3+3,G,51,0.12,A,34,0.08,R,33,0.08,S,32,0.08
protein116,Cajal_Body,MAdaeviilpkkhkkkkerkslpeedvaeiqhaeeflikpeskvakldtsqwplllknfdklnvr,"1-2,3-65",1,K,12,0.18,E,8,0.12,L,8,0.12,A,5,0.08
protein117,Spliceosome,MaaaaaaaaaagaaggrgsgpgrrrhlvpgaggeagegapggagdygngleseelepeelllepepepepeeepprprappgapgpgpgsgapgsqeeeeepglvegdpgdgaiedpeleaikarvremeeeaeklkelqnevekqmnmspppgnagpvimsieekmeadarsiYVGNVDYGATAEELEAHFHGCGSVNRVTILCDKFSGHPKGFAYIEFSDKESVRTSLALDESLFRGRQIKVIPKrtnrpgisttdrgfpraryrarttnynssrsrfysgfnsrprgrvyrgraratswyspy,"175-247,1-1,2-174,248-306",1+3,E,41,0.13,G,40,0.13,A,35,0.11,P,30,0.1
protein118,Stress_granule,sgadlteicqracklairesieseirrererqtnpsameveeddpvpeirrdhfeeamrfarrsvsdndirkYEMfaqtlqqsrgfgsfrfpsgnqggagpsqgsgggtggs,"755-757,683-754,758-794",2+3,R,14,0.12,E,13,0.12,G,13,0.12,S,12,0.11
protein119,cytoplasm,MSRRLLPRAEKRRRRLEQRQQPDEQRRRSgamvkmaaagggggggryygggseggrapkrlktdnagdqhgggggggggagaagggggg,"1-29,30-89",1,G,30,0.34,R,14,0.16,A,10,0.11,Q,5,0.06
protein120,cytoplasm,dytnpnlsgqgdpgsnpnkrqrqppllgdhpaeyggphggyhshyhdegygpppphyegrrmgppvgghrrgpsrygpqyghppppppppeygph,284-378,2,P,24,0.25,G,18,0.19,H,9,0.09,Y,9,0.09
protein121,Nucleolus,maagveaaaevaateikmeeesgapgvpsgngapgpkgegerpaqnekrkeknikrggnrfepyanptkryrafITNIPFDVKWQSLKDLVKEKVGEVTYVELLMDAEGKSRGCAVVEFKMEESMKKAAEVLNKHSLSGRPLKVKEDPDGEHARRAMQKVMAttggmgmgpggpgmitippsilnnpnipneii,"1-74,75-162,163-194",3,E,22,0.11,G,22,0.11,A,19,0.1,K,19,0.1
protein122,Nucleolus,glggigmglgpggqpidanhlnkgigmgnigpagmgmegigfginkmggmegpfgggmenmgrfgsgmnmgrineilsnalkrgeiiakqgggggggsvpgiermgpgidrlggagmermgaglghgmdrvgseiermglvmdrmgsvermgsgiermgplgldhmassiermgqtmerigsgvermgagmgfglermaapidrvgqtiermgsgvermgpaiermglsmermvpagmgaglermgpvmdrmatglermgannlermglermganslermglermganslermgpamgpalgagiermglamgggggasfdraiemergnfggsfagsfggagghapgvarKACQIFVRNLPFDFTWKMLKDKFNECGHVLYADIKMENGKSKGCGVVKFESPEVAERACRMMNGMKLSGREIDVRIDRNA,"300-650,651-730",2+1,G,99,0.23,M,49,0.11,R,38,0.09,E,35,0.08
protein123,cytoplasm,MSQVQVQVqnpsaalsgsqilnknqsllsqplmsipsttsslpsenagrpiqnsalpsasitstsaaaesitpTVELNALCMKLGKKPMYKPVDPYSRMQSTYNYNMRGGAYPPRYFYPFPVPPLLYQVELSVGGQQFNGKGKTRQAAKHDAAAKALRIlqneplperlevngreseeenlnkseisqvfeialkrnlpvnfevaresgpphmknfvtkvsvgefvgegegkskkiskknaaiavleelkklpplpavervkprikkktkpivkpqtspeygqginpisrlaqiqqakkekepeytllterglprrrefv,"9-73,1-8,74-159,160-320",1+3,P,31,0.1,K,29,0.09,S,29,0.09,L,28,0.09
protein124,Keratine_granuled,MSYQKKQPTPQPPVDCVKTsggggggggsggggcgffggggsgggssgsgcgysggggysgggcgggssgggggggiggcgggsggsvkysggggssgggsgcfssggggsgcfssggggssgggsgcfssggggssgggsgcfssggggfsgqavqcqsyggvssggssgggsgcfssgggggsvcgysgggsgcgggssggsgsgyvssqqvtqtscapqpsygggssggggsggsgcfssgggggssgcgggssgigsgciisgggsvcgggssggggggssvggsgsgkgvPICHQTQQKQAPTWPSK,"296-312,20-295,1-19",1+1,G,145,0.46,S,72,0.23,C,19,0.06,Q,14,0.04
